Designator,Val,Package,Mid X,Mid Y,Rotation,Layer
D1,LED,LED-SMD_4P-L5.0-W5.0-TL-2,330.2,12.7,180.0,top
D10,LED,LED-SMD_4P-L5.0-W5.0-TL-2,358.21,-15.31,180.0,top
D11,LED,LED-SMD_4P-L5.0-W5.0-TL-2,386.21,-15.31,180.0,top
D12,LED,LED-SMD_4P-L5.0-W5.0-TL-2,414.21,-15.31,180.0,top
D13,LED,LED-SMD_4P-L5.0-W5.0-TL-2,442.21,-15.31,180.0,top
D14,LED,LED-SMD_4P-L5.0-W5.0-TL-2,470.21,-15.31,180.0,top
D15,LED,LED-SMD_4P-L5.0-W5.0-TL-2,498.21,-15.31,180.0,top
D16,LED,LED-SMD_4P-L5.0-W5.0-TL-2,526.21,-15.31,180.0,top
D17,LED,LED-SMD_4P-L5.0-W5.0-TL-2,330.2,-43.31,180.0,top
D18,LED,LED-SMD_4P-L5.0-W5.0-TL-2,358.21,-43.31,180.0,top
D19,LED,LED-SMD_4P-L5.0-W5.0-TL-2,386.21,-43.31,180.0,top
D2,LED,LED-SMD_4P-L5.0-W5.0-TL-2,358.21,12.7,180.0,top
D20,LED,LED-SMD_4P-L5.0-W5.0-TL-2,414.21,-43.31,180.0,top
D21,LED,LED-SMD_4P-L5.0-W5.0-TL-2,442.21,-43.31,180.0,top
D22,LED,LED-SMD_4P-L5.0-W5.0-TL-2,470.21,-43.31,180.0,top
D23,LED,LED-SMD_4P-L5.0-W5.0-TL-2,498.21,-43.31,180.0,top
D24,LED,LED-SMD_4P-L5.0-W5.0-TL-2,526.21,-43.31,180.0,top
D25,LED,LED-SMD_4P-L5.0-W5.0-TL-2,330.2,-71.31,180.0,top
D26,LED,LED-SMD_4P-L5.0-W5.0-TL-2,358.21,-71.31,180.0,top
D27,LED,LED-SMD_4P-L5.0-W5.0-TL-2,386.21,-71.31,180.0,top
D28,LED,LED-SMD_4P-L5.0-W5.0-TL-2,414.21,-71.31,180.0,top
D29,LED,LED-SMD_4P-L5.0-W5.0-TL-2,442.21,-71.31,180.0,top
D3,LED,LED-SMD_4P-L5.0-W5.0-TL-2,386.21,12.7,180.0,top
D30,LED,LED-SMD_4P-L5.0-W5.0-TL-2,470.21,-71.31,180.0,top
D31,LED,LED-SMD_4P-L5.0-W5.0-TL-2,498.21,-71.31,180.0,top
D32,LED,LED-SMD_4P-L5.0-W5.0-TL-2,526.21,-71.31,180.0,top
D33,LED,LED-SMD_4P-L5.0-W5.0-TL-2,330.2,-99.31,180.0,top
D34,LED,LED-SMD_4P-L5.0-W5.0-TL-2,358.21,-99.31,180.0,top
D35,LED,LED-SMD_4P-L5.0-W5.0-TL-2,386.21,-99.31,180.0,top
D36,LED,LED-SMD_4P-L5.0-W5.0-TL-2,414.21,-99.31,180.0,top
D37,LED,LED-SMD_4P-L5.0-W5.0-TL-2,442.21,-99.31,180.0,top
D38,LED,LED-SMD_4P-L5.0-W5.0-TL-2,470.21,-99.31,180.0,top
D39,LED,LED-SMD_4P-L5.0-W5.0-TL-2,498.21,-99.31,180.0,top
D4,LED,LED-SMD_4P-L5.0-W5.0-TL-2,414.21,12.7,180.0,top
D40,LED,LED-SMD_4P-L5.0-W5.0-TL-2,526.21,-99.31,180.0,top
D41,LED,LED-SMD_4P-L5.0-W5.0-TL-2,330.2,-127.31,180.0,top
D42,LED,LED-SMD_4P-L5.0-W5.0-TL-2,358.21,-127.31,180.0,top
D43,LED,LED-SMD_4P-L5.0-W5.0-TL-2,386.21,-127.31,180.0,top
D44,LED,LED-SMD_4P-L5.0-W5.0-TL-2,414.21,-127.31,180.0,top
D45,LED,LED-SMD_4P-L5.0-W5.0-TL-2,442.21,-127.31,180.0,top
D46,LED,LED-SMD_4P-L5.0-W5.0-TL-2,470.21,-127.31,180.0,top
D47,LED,LED-SMD_4P-L5.0-W5.0-TL-2,498.21,-127.31,180.0,top
D48,LED,LED-SMD_4P-L5.0-W5.0-TL-2,526.21,-127.31,180.0,top
D49,LED,LED-SMD_4P-L5.0-W5.0-TL-2,330.2,-155.31,180.0,top
D5,LED,LED-SMD_4P-L5.0-W5.0-TL-2,442.21,12.7,180.0,top
D50,LED,LED-SMD_4P-L5.0-W5.0-TL-2,358.21,-155.31,180.0,top
D51,LED,LED-SMD_4P-L5.0-W5.0-TL-2,386.21,-155.31,180.0,top
D52,LED,LED-SMD_4P-L5.0-W5.0-TL-2,414.21,-155.31,180.0,top
D53,LED,LED-SMD_4P-L5.0-W5.0-TL-2,442.21,-155.31,180.0,top
D54,LED,LED-SMD_4P-L5.0-W5.0-TL-2,470.21,-155.31,180.0,top
D55,LED,LED-SMD_4P-L5.0-W5.0-TL-2,498.21,-155.31,180.0,top
D56,LED,LED-SMD_4P-L5.0-W5.0-TL-2,526.21,-155.31,180.0,top
D57,LED,LED-SMD_4P-L5.0-W5.0-TL-2,330.2,-183.31,180.0,top
D58,LED,LED-SMD_4P-L5.0-W5.0-TL-2,358.21,-183.31,180.0,top
D59,LED,LED-SMD_4P-L5.0-W5.0-TL-2,386.21,-183.31,180.0,top
D6,LED,LED-SMD_4P-L5.0-W5.0-TL-2,470.21,12.7,180.0,top
D60,LED,LED-SMD_4P-L5.0-W5.0-TL-2,414.21,-183.31,180.0,top
D61,LED,LED-SMD_4P-L5.0-W5.0-TL-2,442.21,-183.31,180.0,top
D62,LED,LED-SMD_4P-L5.0-W5.0-TL-2,470.21,-183.31,180.0,top
D63,LED,LED-SMD_4P-L5.0-W5.0-TL-2,498.21,-183.31,180.0,top
D64,LED,LED-SMD_4P-L5.0-W5.0-TL-2,526.21,-183.31,180.0,top
D7,LED,LED-SMD_4P-L5.0-W5.0-TL-2,498.21,12.7,180.0,top
D8,LED,LED-SMD_4P-L5.0-W5.0-TL-2,526.21,12.7,180.0,top
D9,LED,LED-SMD_4P-L5.0-W5.0-TL-2,330.2,-15.31,180.0,top
R1,Resistor,R0805,420.227,11.049,0.0,top
R2,Resistor,R0805,420.227,-16.891,0.0,top
R3,Resistor,R0805,420.227,-44.958,0.0,top
R4,Resistor,R0805,419.878,-72.898,0.0,top
R5,Resistor,R0805,419.878,-100.965,0.0,top
R6,Resistor,R0805,419.878,-128.905,0.0,top
R7,Resistor,R0805,419.878,-156.972,0.0,top
R8,Resistor,R0805,419.878,-185.039,0.0,top
U1,Hall,SOT-23-3_L2.9-W1.6-P1.90-LS2.8-BR-CW,330.454,17.3,180.0,top
U10,Hall,SOT-23-3_L2.9-W1.6-P1.90-LS2.8-BR-CW,358.21,-10.71,180.0,top
U11,Hall,SOT-23-3_L2.9-W1.6-P1.90-LS2.8-BR-CW,386.21,-10.71,180.0,top
U12,Hall,SOT-23-3_L2.9-W1.6-P1.90-LS2.8-BR-CW,414.21,-10.71,180.0,top
U13,Hall,SOT-23-3_L2.9-W1.6-P1.90-LS2.8-BR-CW,442.21,-10.71,180.0,top
U14,Hall,SOT-23-3_L2.9-W1.6-P1.90-LS2.8-BR-CW,470.21,-10.71,180.0,top
U15,Hall,SOT-23-3_L2.9-W1.6-P1.90-LS2.8-BR-CW,498.21,-10.71,180.0,top
U16,Hall,SOT-23-3_L2.9-W1.6-P1.90-LS2.8-BR-CW,526.21,-10.71,180.0,top
U17,Hall,SOT-23-3_L2.9-W1.6-P1.90-LS2.8-BR-CW,330.2,-38.71,180.0,top
U18,Hall,SOT-23-3_L2.9-W1.6-P1.90-LS2.8-BR-CW,358.21,-38.71,180.0,top
U19,Hall,SOT-23-3_L2.9-W1.6-P1.90-LS2.8-BR-CW,386.21,-38.71,180.0,top
U2,Hall,SOT-23-3_L2.9-W1.6-P1.90-LS2.8-BR-CW,358.21,17.3,180.0,top
U20,Hall,SOT-23-3_L2.9-W1.6-P1.90-LS2.8-BR-CW,414.21,-38.71,180.0,top
U21,Hall,SOT-23-3_L2.9-W1.6-P1.90-LS2.8-BR-CW,442.21,-38.71,180.0,top
U22,Hall,SOT-23-3_L2.9-W1.6-P1.90-LS2.8-BR-CW,470.21,-38.71,180.0,top
U23,Hall,SOT-23-3_L2.9-W1.6-P1.90-LS2.8-BR-CW,498.21,-38.71,180.0,top
U24,Hall,SOT-23-3_L2.9-W1.6-P1.90-LS2.8-BR-CW,526.21,-38.71,180.0,top
U25,Hall,SOT-23-3_L2.9-W1.6-P1.90-LS2.8-BR-CW,330.2,-66.71,180.0,top
U26,Hall,SOT-23-3_L2.9-W1.6-P1.90-LS2.8-BR-CW,358.21,-66.71,180.0,top
U27,Hall,SOT-23-3_L2.9-W1.6-P1.90-LS2.8-BR-CW,386.21,-66.71,180.0,top
U28,Hall,SOT-23-3_L2.9-W1.6-P1.90-LS2.8-BR-CW,414.21,-66.71,180.0,top
U29,Hall,SOT-23-3_L2.9-W1.6-P1.90-LS2.8-BR-CW,442.21,-66.71,180.0,top
U3,Hall,SOT-23-3_L2.9-W1.6-P1.90-LS2.8-BR-CW,386.21,17.3,180.0,top
U30,Hall,SOT-23-3_L2.9-W1.6-P1.90-LS2.8-BR-CW,470.21,-66.71,180.0,top
U31,Hall,SOT-23-3_L2.9-W1.6-P1.90-LS2.8-BR-CW,498.21,-66.71,180.0,top
U32,Hall,SOT-23-3_L2.9-W1.6-P1.90-LS2.8-BR-CW,526.21,-66.71,180.0,top
U33,Hall,SOT-23-3_L2.9-W1.6-P1.90-LS2.8-BR-CW,330.2,-94.71,180.0,top
U34,Hall,SOT-23-3_L2.9-W1.6-P1.90-LS2.8-BR-CW,358.21,-94.71,180.0,top
U35,Hall,SOT-23-3_L2.9-W1.6-P1.90-LS2.8-BR-CW,386.21,-94.71,180.0,top
U36,Hall,SOT-23-3_L2.9-W1.6-P1.90-LS2.8-BR-CW,414.21,-94.71,180.0,top
U37,Hall,SOT-23-3_L2.9-W1.6-P1.90-LS2.8-BR-CW,442.21,-94.71,180.0,top
U38,Hall,SOT-23-3_L2.9-W1.6-P1.90-LS2.8-BR-CW,470.21,-94.71,180.0,top
U39,Hall,SOT-23-3_L2.9-W1.6-P1.90-LS2.8-BR-CW,498.21,-94.71,180.0,top
U4,Hall,SOT-23-3_L2.9-W1.6-P1.90-LS2.8-BR-CW,414.21,17.3,180.0,top
U40,Hall,SOT-23-3_L2.9-W1.6-P1.90-LS2.8-BR-CW,526.21,-94.71,180.0,top
U41,Hall,SOT-23-3_L2.9-W1.6-P1.90-LS2.8-BR-CW,330.2,-122.71,180.0,top
U42,Hall,SOT-23-3_L2.9-W1.6-P1.90-LS2.8-BR-CW,358.21,-122.71,180.0,top
U43,Hall,SOT-23-3_L2.9-W1.6-P1.90-LS2.8-BR-CW,386.21,-122.71,180.0,top
U44,Hall,SOT-23-3_L2.9-W1.6-P1.90-LS2.8-BR-CW,414.21,-122.71,180.0,top
U45,Hall,SOT-23-3_L2.9-W1.6-P1.90-LS2.8-BR-CW,442.21,-122.71,180.0,top
U46,Hall,SOT-23-3_L2.9-W1.6-P1.90-LS2.8-BR-CW,470.21,-122.71,180.0,top
U47,Hall,SOT-23-3_L2.9-W1.6-P1.90-LS2.8-BR-CW,498.21,-122.71,180.0,top
U48,Hall,SOT-23-3_L2.9-W1.6-P1.90-LS2.8-BR-CW,526.21,-122.71,180.0,top
U49,Hall,SOT-23-3_L2.9-W1.6-P1.90-LS2.8-BR-CW,330.2,-150.71,180.0,top
U5,Hall,SOT-23-3_L2.9-W1.6-P1.90-LS2.8-BR-CW,442.21,17.3,180.0,top
U50,Hall,SOT-23-3_L2.9-W1.6-P1.90-LS2.8-BR-CW,358.21,-150.71,180.0,top
U51,Hall,SOT-23-3_L2.9-W1.6-P1.90-LS2.8-BR-CW,386.21,-150.71,180.0,top
U52,Hall,SOT-23-3_L2.9-W1.6-P1.90-LS2.8-BR-CW,414.21,-150.71,180.0,top
U53,Hall,SOT-23-3_L2.9-W1.6-P1.90-LS2.8-BR-CW,442.21,-150.71,180.0,top
U54,Hall,SOT-23-3_L2.9-W1.6-P1.90-LS2.8-BR-CW,470.21,-150.71,180.0,top
U55,Hall,SOT-23-3_L2.9-W1.6-P1.90-LS2.8-BR-CW,498.21,-150.71,180.0,top
U56,Hall,SOT-23-3_L2.9-W1.6-P1.90-LS2.8-BR-CW,526.21,-150.71,180.0,top
U57,Hall,SOT-23-3_L2.9-W1.6-P1.90-LS2.8-BR-CW,330.2,-178.71,180.0,top
U58,Hall,SOT-23-3_L2.9-W1.6-P1.90-LS2.8-BR-CW,358.21,-178.71,180.0,top
U59,Hall,SOT-23-3_L2.9-W1.6-P1.90-LS2.8-BR-CW,386.21,-178.71,180.0,top
U6,Hall,SOT-23-3_L2.9-W1.6-P1.90-LS2.8-BR-CW,470.21,17.3,180.0,top
U60,Hall,SOT-23-3_L2.9-W1.6-P1.90-LS2.8-BR-CW,414.21,-178.71,180.0,top
U61,Hall,SOT-23-3_L2.9-W1.6-P1.90-LS2.8-BR-CW,442.21,-178.71,180.0,top
U62,Hall,SOT-23-3_L2.9-W1.6-P1.90-LS2.8-BR-CW,470.21,-178.71,180.0,top
U63,Hall,SOT-23-3_L2.9-W1.6-P1.90-LS2.8-BR-CW,498.21,-178.71,180.0,top
U64,Hall,SOT-23-3_L2.9-W1.6-P1.90-LS2.8-BR-CW,526.21,-178.71,180.0,top
U65,Shift register,DIP-16_L20.0-W6.4-P2.54-LS7.6-BL,442.087,-1.651,180.0,bottom
U7,Hall,SOT-23-3_L2.9-W1.6-P1.90-LS2.8-BR-CW,498.21,17.3,180.0,top
U8,Hall,SOT-23-3_L2.9-W1.6-P1.90-LS2.8-BR-CW,526.21,17.3,180.0,top
U9,Hall,SOT-23-3_L2.9-W1.6-P1.90-LS2.8-BR-CW,330.2,-10.71,180.0,top
